emso,ime,priimek,email,naslov,uporabnisko_ime,geslo
344-58-2436,Ashil,Duncan,aduncan0@etsy.com,2 Stang Court,aduncan0,TFqZXHZZDjV
470-28-4094,Markos,Olyfat,molyfat1@so-net.ne.jp,78 Northridge Plaza,molyfat1,5NmOQ52x
850-77-6919,Hildagard,MacCaig,hmaccaig2@i2i.jp,4 Meadow Valley Plaza,hmaccaig2,eyYfgG542
427-08-0304,Lesley,Klejna,lklejna3@geocities.com,99353 Clarendon Way,lklejna3,q9uXv2ttIV5
345-99-2840,Dannel,Perone,dperone4@prweb.com,497 Calypso Avenue,dperone4,w1hmCOoiyit
775-70-8254,Karlotte,Southerton,ksoutherton5@gnu.org,00 Union Center,ksoutherton5,dXf4AKG7I
855-57-0752,Charmion,Franceschino,cfranceschino6@simplemachines.org,3423 Caliangt Center,cfranceschino6,ikcnJvSj
762-80-5598,Rowena,Fearnill,rfearnill7@imgur.com,60 Kinsman Alley,rfearnill7,ewbjFR
855-87-0114,Jeramie,Alliband,jalliband8@mozilla.com,4 Main Court,jalliband8,HL0jphKUuy8S
454-83-9868,Lizbeth,Butter,lbutter9@twitter.com,0 Schlimgen Junction,lbutter9,pPXdkspo
486-95-3053,Debbie,McGillivray,dmcgillivraya@pcworld.com,2748 Michigan Point,dmcgillivraya,E5YItd2
831-78-7020,Lotte,Huygen,lhuygenb@wp.com,14 Independence Junction,lhuygenb,8HYlw8w1HZJi
552-32-4022,Kathryne,Cutts,kcuttsc@mapy.cz,2 Loeprich Avenue,kcuttsc,RhC939mMTT
585-74-6649,Nicolea,Le Monnier,nlemonnierd@tuttocitta.it,84 Bluejay Point,nlemonnierd,mW63eRph
601-28-8091,Brier,Critzen,bcritzene@columbia.edu,04982 Anderson Park,bcritzene,7n5urr0
593-74-7922,Natalya,Nelmes,nnelmesf@altervista.org,27 Mesta Point,nnelmesf,IfqHEYJC8rL
843-82-5082,Dallas,Helkin,dhelking@sciencedaily.com,2 Scott Plaza,dhelking,p69PhuiGAdt2
658-78-6976,Nap,Mattes,nmattesh@yelp.com,06938 Forest Junction,nmattesh,BPLL0aYQC5d
879-15-2180,Cheslie,Capineer,ccapineeri@slashdot.org,9 Hayes Pass,ccapineeri,uzCVq7I9
571-68-2150,Caldwell,Scholtis,cscholtisj@dedecms.com,39 Center Plaza,cscholtisj,Aqvyc3
651-68-1800,Natale,Stocky,nstockyk@instagram.com,057 Lunder Lane,nstockyk,nQ3bZq7V
300-39-3600,Malorie,Dumsday,mdumsdayl@boston.com,675 Boyd Parkway,mdumsdayl,eNS1WwIhr7v
143-32-0359,Corney,Denerley,cdenerleym@sun.com,842 Huxley Drive,cdenerleym,HX7fSQhMfqoQ
684-20-9838,Gretal,Tee,gteen@imgur.com,2311 Claremont Terrace,gteen,cKTk3qc
310-91-4629,Emery,Cratchley,ecratchleyo@yelp.com,160 Larry Point,ecratchleyo,kZSey1o23iys
663-59-5522,Caren,McGowan,cmcgowanp@salon.com,6 Glendale Circle,cmcgowanp,cSPlJekAqWr
398-50-7722,Alvan,Easeman,aeasemanq@forbes.com,21140 Eagan Street,aeasemanq,N1OUXH7s301
694-47-1400,Dolorita,Rudolf,drudolfr@yellowpages.com,9 South Place,drudolfr,guWBmt86XC
576-13-4537,Edlin,Schaffler,eschafflers@de.vu,1213 Bayside Pass,eschafflers,lGCU2ItAdfy
134-72-6626,Chadwick,Garfirth,cgarfirtht@archive.org,59 Northport Trail,cgarfirtht,gkMfef
235-46-6474,Kendal,O'Flynn,koflynnu@google.nl,0948 Oneill Parkway,koflynnu,Qg48YvJ
477-59-8036,Emylee,Bellie,ebelliev@apple.com,7478 Lakeland Crossing,ebelliev,qbnttopb1eS
801-39-2034,Anstice,Valentine,avalentinew@hostgator.com,84 Oxford Street,avalentinew,aY6iTFzkB
805-45-1483,Lucy,Izkoveski,lizkoveskix@sakura.ne.jp,5 Iowa Point,lizkoveskix,4oAZpa0m
578-63-8284,Carlina,Gregr,cgregry@bbb.org,568 Hayes Trail,cgregry,u9oIT23HwVLj
750-74-1589,Rip,Purle,rpurlez@t-online.de,2783 Magdeline Avenue,rpurlez,eXQUeeuirL
260-13-5243,Petrina,Bernardeschi,pbernardeschi10@51.la,0 Florence Crossing,pbernardeschi10,LUugzAQUsL
762-62-7505,Doug,Sondon,dsondon11@pagesperso-orange.fr,685 Clove Place,dsondon11,TPbWqy
602-98-7536,Zachariah,Keneleyside,zkeneleyside12@ft.com,1 Novick Avenue,zkeneleyside12,1BXS66Tq
331-21-4446,Dalis,Orgee,dorgee13@foxnews.com,19 Upham Park,dorgee13,LS7wjidCRMsY
772-22-2480,Stepha,Terrazzo,sterrazzo14@youtu.be,69 Monica Lane,sterrazzo14,KaLo3iD
795-62-8365,Dionne,Rossetti,drossetti15@hubpages.com,081 Carberry Park,drossetti15,TvgsS56
529-43-6894,Yancey,O'Doogan,yodoogan16@pinterest.com,31 7th Pass,yodoogan16,QG6P7qBZyX6
537-15-4584,Chiquia,Heino,cheino17@deliciousdays.com,19 Kensington Lane,cheino17,zjCVEcs7E
771-85-4614,Emera,Jacobowits,ejacobowits18@digg.com,79665 Artisan Park,ejacobowits18,STS0gFO1l
690-73-6006,Chrissie,Mackison,cmackison19@tripadvisor.com,9798 Crownhardt Court,cmackison19,HDA6UQo
455-66-6874,Jacinthe,Hercules,jhercules1a@diigo.com,531 8th Hill,jhercules1a,HYcya8Aqqv8
374-57-3490,Sophia,Trenaman,strenaman1b@over-blog.com,078 Vahlen Point,strenaman1b,NQYZWlKefDKa
833-93-0669,Brina,Rentilll,brentilll1c@zimbio.com,70609 Larry Court,brentilll1c,0AfoJcvid02V
760-06-2328,Chase,Dransfield,cdransfield1d@hibu.com,9 Meadow Valley Trail,cdransfield1d,X3kmuengGNk
770-39-6570,Rosella,Dear,rdear1e@washingtonpost.com,777 Blue Bill Park Drive,rdear1e,pOwG1PJ
887-55-0373,Dalston,Antcliffe,dantcliffe1f@flickr.com,1 Stang Circle,dantcliffe1f,3xnmhECsQl
290-70-6289,Harley,Haseley,hhaseley1g@w3.org,247 Morrow Place,hhaseley1g,T3C7x7sNE
833-59-4124,Noni,Spurgin,nspurgin1h@elpais.com,776 Shelley Junction,nspurgin1h,k6lvVcAc82g
363-84-3650,Spence,Arnet,sarnet1i@prnewswire.com,67 Porter Lane,sarnet1i,QD7Bgudh
461-31-6991,Hebert,Patron,hpatron1j@craigslist.org,02 American Ash Court,hpatron1j,ILYSysEd
634-41-9868,Anton,Wadlow,awadlow1k@arizona.edu,5 Hoffman Park,awadlow1k,yMkBAmr6j2XX
601-82-0418,Ricard,MacIlhargy,rmacilhargy1l@earthlink.net,3408 Kings Crossing,rmacilhargy1l,mVuOHEhDO
795-67-4492,Lorianne,McCullum,lmccullum1m@ftc.gov,98707 Jana Pass,lmccullum1m,8Wz4azC
500-17-5003,Lee,Patesel,lpatesel1n@ehow.com,2 Schmedeman Court,lpatesel1n,D1LbwWnLqhnl
203-82-6817,Magdalen,Lorkin,mlorkin1o@alexa.com,499 Weeping Birch Point,mlorkin1o,DqGbwP
881-50-8588,Carver,Bodega,cbodega1p@uol.com.br,2 Farragut Junction,cbodega1p,YxdHLW1QcfaF
489-20-6865,Christophorus,Connechie,cconnechie1q@seesaa.net,3 Mitchell Park,cconnechie1q,Ol7R7OJ66HF
640-18-0601,Janey,Bartoshevich,jbartoshevich1r@sourceforge.net,7 Marquette Terrace,jbartoshevich1r,0HtGtSgx
533-51-1924,Cindi,Gercke,cgercke1s@disqus.com,36101 Grover Pass,cgercke1s,Twh9ayP5cpA
266-26-3897,Tildie,Doul,tdoul1t@com.com,13000 Forest Run Crossing,tdoul1t,jAAzH0EaIIj
448-70-4156,Bebe,Bestiman,bbestiman1u@csmonitor.com,9455 Kings Plaza,bbestiman1u,jNGKp3NhvbN8
423-71-2912,Chick,Tomek,ctomek1v@bbb.org,6 Coolidge Street,ctomek1v,JQm3b7z5
832-65-6956,Clemmie,Shellum,cshellum1w@chicagotribune.com,4809 Debs Road,cshellum1w,uX5nlKiTx5U
709-37-2584,Darcie,Pulver,dpulver1x@miibeian.gov.cn,030 Onsgard Park,dpulver1x,wE6DQtX
102-71-7987,Shurwood,Meek,smeek1y@amazon.co.uk,072 West Court,smeek1y,Ql2Ikm
631-11-1188,Mortie,Watmore,mwatmore1z@google.it,1 Mariners Cove Point,mwatmore1z,o1sLjiUi9
235-79-0238,Stacey,Rizzardi,srizzardi20@mlb.com,99 Fairview Drive,srizzardi20,96HuVf
617-10-8973,Langston,Busk,lbusk21@redcross.org,18 Straubel Lane,lbusk21,88dmQoWV
337-54-7286,Caressa,Gascar,cgascar22@engadget.com,6891 Knutson Alley,cgascar22,SPveaUM
288-29-0661,Clywd,Huonic,chuonic23@parallels.com,80 Crowley Lane,chuonic23,bfIPrQcrMV
367-85-6166,Shermy,Corrison,scorrison24@soup.io,1712 Graceland Junction,scorrison24,33hzLEhH
704-43-0730,Norman,Aharoni,naharoni25@wired.com,9 Barnett Terrace,naharoni25,NapY4sQl2r
329-58-0224,Chalmers,Portigall,cportigall26@hatena.ne.jp,79 Marquette Way,cportigall26,mNwjbRp
460-49-0956,Shelly,Gardiner,sgardiner27@addtoany.com,65093 Anniversary Parkway,sgardiner27,ECd49ZfMJP
670-48-9895,Lothaire,Hackey,lhackey28@feedburner.com,234 Kingsford Center,lhackey28,v0qw6LjhQT
389-66-9170,Errol,Eddy,eeddy29@umich.edu,5717 Nobel Drive,eeddy29,42LBQ3NH
462-77-0295,Genny,Sextone,gsextone2a@census.gov,46 Emmet Place,gsextone2a,XzDT1obku
144-88-6052,Lothaire,Marcroft,lmarcroft2b@elpais.com,867 Corscot Avenue,lmarcroft2b,p1xAfYYUzlcC
205-37-7287,Stormie,Van de Vlies,svandevlies2c@deliciousdays.com,59217 Holmberg Plaza,svandevlies2c,NVgqMDqSzCM0
295-78-3625,Wilfrid,Keaveney,wkeaveney2d@artisteer.com,25 Mallard Way,wkeaveney2d,txzeGdB0J2A
414-67-3001,Alanson,Gooders,agooders2e@phoca.cz,495 Lyons Trail,agooders2e,wFs111ELQIbn
116-31-7058,Hilton,Cadreman,hcadreman2f@dot.gov,8497 Vernon Avenue,hcadreman2f,SrAQd9AJ
809-13-4060,Chrisse,Wathell,cwathell2g@google.it,95485 Straubel Lane,cwathell2g,QZTVctuZYll
710-31-9826,Ludvig,Harkus,lharkus2h@reuters.com,27 Sachs Pass,lharkus2h,GokxBff
367-66-7191,Celestia,Kingshott,ckingshott2i@myspace.com,23 Portage Trail,ckingshott2i,luIwm3zYa
860-60-6442,Maribeth,Ashington,mashington2j@nyu.edu,57 Carpenter Crossing,mashington2j,AiKre4KgM4
508-65-3936,Lauritz,Fateley,lfateley2k@imgur.com,01 Sachtjen Avenue,lfateley2k,v6qKdjlc9A
205-26-1801,Danielle,Mart,dmart2l@oaic.gov.au,941 Knutson Road,dmart2l,ZpI8HUezYoYT
299-28-8329,Raleigh,McDuffie,rmcduffie2m@addtoany.com,6 Myrtle Court,rmcduffie2m,vVsPsBtv
563-05-0491,Lancelot,Vedeniktov,lvedeniktov2n@cafepress.com,035 Tennyson Parkway,lvedeniktov2n,sbmJFjRtbP
459-42-4858,Christophe,Huby,chuby2o@loc.gov,51440 Shopko Court,chuby2o,fC8Ef6Mkz
707-08-1682,Shana,Ertelt,sertelt2p@goo.ne.jp,4234 Dryden Plaza,sertelt2p,45kMr3WAXa
327-79-4418,Hernando,Croom,hcroom2q@dmoz.org,21442 Judy Park,hcroom2q,2LagVPjq
174-19-8746,Bette,Goade,bgoade2r@alibaba.com,43 Longview Circle,bgoade2r,WY8B1g8ZtTwr
331-06-1437,Myrvyn,Papaccio,mpapaccio2s@woothemes.com,1 Kedzie Court,mpapaccio2s,3PtySH1Ies
294-66-3978,Fernandina,Geharke,fgeharke2t@google.com,65 Larry Lane,fgeharke2t,LbqHziwWfFS
777-03-5384,Joelie,Lumber,jlumber2u@auda.org.au,32494 Emmet Road,jlumber2u,NPLyGPcZ
310-51-4593,Joaquin,Marzella,jmarzella2v@lulu.com,2615 Lerdahl Circle,jmarzella2v,nS6pkKq22Fd3
298-41-6348,Clarence,Coleman,ccoleman2w@time.com,8099 Eggendart Point,ccoleman2w,8LiuMTGKW
125-61-1764,Tamra,Sargood,tsargood2x@sina.com.cn,22329 Darwin Way,tsargood2x,CAyc4XDdV
406-71-2175,Ashely,Berr,aberr2y@prweb.com,58 Burning Wood Alley,aberr2y,NdWQgT7hWx9
618-52-2588,Fremont,Finders,ffinders2z@1und1.de,3 Graceland Terrace,ffinders2z,QdeeoWxn
868-39-0037,Libbi,Chatenier,lchatenier30@dagondesign.com,537 Spenser Court,lchatenier30,KT7LNYBE
889-44-7357,Titos,Kuhnt,tkuhnt31@t-online.de,49131 Shopko Point,tkuhnt31,TTN9xc
353-56-0153,Fabien,Manginot,fmanginot32@washington.edu,2 Lake View Drive,fmanginot32,j3KJadBcQ5pn
785-79-0190,Sol,Dingivan,sdingivan33@comcast.net,2 Havey Drive,sdingivan33,ksAy2DShMx
709-74-3613,Lev,MacMorland,lmacmorland34@about.me,92 Spaight Hill,lmacmorland34,nbwsmwQ4aFG
343-08-4345,Dex,Mingardo,dmingardo35@constantcontact.com,72220 Lyons Lane,dmingardo35,3PEfHRec59
531-52-4245,Emily,Scotchbourouge,escotchbourouge36@nature.com,1 Superior Road,escotchbourouge36,jA3TxH
738-24-6239,Cristobal,Rableau,crableau37@patch.com,06380 Sunnyside Street,crableau37,C057LuIisR
358-89-3469,Randolph,Jacqueminet,rjacqueminet38@123-reg.co.uk,21 Browning Center,rjacqueminet38,MYrpXJ
869-59-3964,Mildred,Reedyhough,mreedyhough39@rambler.ru,58 Express Court,mreedyhough39,rY7rB6FQww
101-93-1969,Kalie,Affleck,kaffleck3a@va.gov,2 Fieldstone Lane,kaffleck3a,VJbykfUGzmgG
569-29-3702,Annabella,Crosseland,acrosseland3b@freewebs.com,17 Kennedy Hill,acrosseland3b,32wO99T
399-13-1223,Korella,Cotmore,kcotmore3c@ft.com,8009 Northfield Terrace,kcotmore3c,3VisVfu
883-32-3133,Kinsley,Blazeby,kblazeby3d@statcounter.com,043 Onsgard Pass,kblazeby3d,HbRjoS8gF0ti
565-47-9813,Jacky,Dobkin,jdobkin3e@samsung.com,8114 Roxbury Center,jdobkin3e,ueGfpu
768-47-8855,Mahmoud,Balstone,mbalstone3f@msn.com,95 Judy Way,mbalstone3f,eQDw82sGb
651-03-5844,Harriet,Deboick,hdeboick3g@domainmarket.com,4525 Harbort Park,hdeboick3g,tHJ5wCH5
446-12-1040,Dolly,Meryett,dmeryett3h@virginia.edu,577 Chive Court,dmeryett3h,4g435RnMLtR
140-71-8188,Eda,Aime,eaime3i@boston.com,588 Pierstorff Way,eaime3i,vNb1BqBijZ
638-88-3341,Darren,Clace,dclace3j@printfriendly.com,39 Veith Crossing,dclace3j,jkQoVl
705-65-5624,Banky,Gricks,bgricks3k@zdnet.com,013 Esker Trail,bgricks3k,RHme8HrhDf
326-17-4113,Harrie,Jepperson,hjepperson3l@pagesperso-orange.fr,19438 Mayfield Alley,hjepperson3l,59PMsg
313-39-0421,Rowney,Winsper,rwinsper3m@archive.org,278 Beilfuss Circle,rwinsper3m,14stBsL
596-88-2618,Merola,Francklyn,mfrancklyn3n@craigslist.org,8818 Union Trail,mfrancklyn3n,shz38Un7U
381-06-3303,Darlene,Dunley,ddunley3o@bloglovin.com,64 Carey Junction,ddunley3o,AJLisTA
119-34-7569,Alica,Mayger,amayger3p@ucsd.edu,7116 Spaight Parkway,amayger3p,QKA927UI
439-36-1620,Stephen,Vowells,svowells3q@theatlantic.com,6841 Sherman Parkway,svowells3q,jjHMrzYgs2LF
800-64-5133,Rock,Ruegg,rruegg3r@skype.com,8 Scoville Trail,rruegg3r,NysavuNpsTfu
780-08-6405,Guillaume,Bawles,gbawles3s@ebay.co.uk,59342 Fisk Terrace,gbawles3s,7jkTsot
187-04-0662,Livvyy,Sisneros,lsisneros3t@yellowbook.com,21271 Melody Point,lsisneros3t,nEmjbgiQ
870-05-9364,Keven,Deere,kdeere3u@oakley.com,84 Hazelcrest Place,kdeere3u,0By4H9NgUbR
477-02-1358,Aleece,Oxenden,aoxenden3v@microsoft.com,184 Kropf Park,aoxenden3v,hCDPIewOhJCB
391-71-3298,Vere,Tunn,vtunn3w@typepad.com,891 Eastwood Parkway,vtunn3w,F9y4vRQEK8
514-91-2348,Tony,Towle,ttowle3x@time.com,717 Veith Lane,ttowle3x,9LtP2PRw1
688-89-7063,Rutherford,Wardell,rwardell3y@163.com,137 Sachs Junction,rwardell3y,gHogLc0Nl
887-52-4679,Mill,Barradell,mbarradell3z@goodreads.com,4685 Schiller Court,mbarradell3z,Bt1ikC
586-84-4464,Veronica,Spinozzi,vspinozzi40@posterous.com,6523 Norway Maple Trail,vspinozzi40,QcpCCGHV
661-96-0091,Marge,Amott,mamott41@mashable.com,0116 Meadow Ridge Crossing,mamott41,mg8xPWEOv8
830-95-3336,Allister,Morphet,amorphet42@hubpages.com,2 Farragut Alley,amorphet42,R5eTl6i
156-54-5505,Sharon,Langthorn,slangthorn43@admin.ch,233 Sheridan Way,slangthorn43,ZRjz90UQ0s
590-77-2718,Annalise,Sentance,asentance44@si.edu,2 Drewry Place,asentance44,CEUQ4tNPd
476-23-4288,Willi,Brownsey,wbrownsey45@archive.org,80 Merchant Center,wbrownsey45,ltW4B4Iip
692-49-6317,Charla,Pert,cpert46@bloglovin.com,49568 Ludington Park,cpert46,ZvseK72I3rjq
729-57-0567,Lynnelle,Cornely,lcornely47@xing.com,1688 Lillian Circle,lcornely47,8DIKrbCSQJH
204-71-1254,Hugo,Aubery,haubery48@imageshack.us,075 Northwestern Plaza,haubery48,8aIGXl2h
675-18-3659,Allina,Casoni,acasoni49@newsvine.com,2 Randy Way,acasoni49,ygDpwxyvKMxC
601-72-9049,Nina,Gogay,ngogay4a@dailymotion.com,4166 Monica Pass,ngogay4a,wxjcwq0Yd7tD
823-54-3464,Lewes,Langfield,llangfield4b@bizjournals.com,2030 Division Parkway,llangfield4b,lXMHzYR
103-68-3127,Mordecai,Glabach,mglabach4c@hatena.ne.jp,0 Dexter Alley,mglabach4c,XAtskV29
449-15-0724,Meggy,McLaughlan,mmclaughlan4d@psu.edu,1 Bultman Junction,mmclaughlan4d,wABsr9xm
839-13-3955,Asa,Basnett,abasnett4e@myspace.com,0 Pepper Wood Point,abasnett4e,hUpOMcGehf8V
566-03-9972,Derrick,Mintoft,dmintoft4f@theguardian.com,682 Petterle Junction,dmintoft4f,YE1wfnICZ
817-57-2392,Shelagh,Wheatcroft,swheatcroft4g@cbsnews.com,14 Mccormick Junction,swheatcroft4g,xQdFyX3w43D
274-19-6458,Calv,Spatoni,cspatoni4h@altervista.org,210 Melody Place,cspatoni4h,7N4AgPMF
305-58-6882,Elli,Vickery,evickery4i@prweb.com,8471 Superior Road,evickery4i,h0tGHQMi
389-58-6412,Byrom,Pittham,bpittham4j@google.it,44017 Anderson Park,bpittham4j,0J4i2AxT
125-58-0732,Rob,Trengove,rtrengove4k@blogspot.com,12509 Ruskin Terrace,rtrengove4k,bqVOffoe8UE
835-77-7205,Fred,Dean,fdean4l@facebook.com,442 Pankratz Junction,fdean4l,o1VFYDRqkM
875-18-7230,Novelia,Lawler,nlawler4m@sciencedaily.com,93034 Portage Pass,nlawler4m,bmTo95sD
313-82-5841,Nathaniel,Tuke,ntuke4n@nifty.com,4 Pine View Plaza,ntuke4n,yFKb2vnDC
832-58-2315,Lenard,Malatalant,lmalatalant4o@dailymail.co.uk,8 Cherokee Alley,lmalatalant4o,XiKA8IFSs4NR
143-29-1792,Gibb,Burgane,gburgane4p@toplist.cz,1681 Mitchell Terrace,gburgane4p,sc6NPdte
332-17-7995,Cherish,Manuel,cmanuel4q@edublogs.org,21 Moulton Parkway,cmanuel4q,2TOy6dX6imTs
663-88-4836,Bethanne,Itzkowicz,bitzkowicz4r@exblog.jp,7862 Burning Wood Crossing,bitzkowicz4r,ekG7fm
116-66-4083,Camilla,Semor,csemor4s@usatoday.com,4 Gateway Court,csemor4s,S339HphAp
131-39-9023,Brande,Spottiswood,bspottiswood4t@hhs.gov,40 North Junction,bspottiswood4t,zgQz1ge4
157-44-7430,Claudell,Harrinson,charrinson4u@ycombinator.com,1 Elka Plaza,charrinson4u,TLNdaeO3
108-73-3314,Therine,Hethron,thethron4v@ezinearticles.com,13 Brickson Park Park,thethron4v,MX0x3GzoJ
583-09-2980,Denys,Tarn,dtarn4w@cbsnews.com,9 Paget Pass,dtarn4w,PccZlFPLi
717-65-4228,Celestina,Stayte,cstayte4x@stanford.edu,3 Portage Center,cstayte4x,fCob9AdX
529-92-0438,Lucho,Dillimore,ldillimore4y@hugedomains.com,9385 Rieder Circle,ldillimore4y,UnatnZnoHGF
248-67-8894,Camellia,Westman,cwestman4z@umich.edu,6 Coleman Alley,cwestman4z,PlGLbCAr
106-53-4908,Tamqrah,Riedel,triedel50@photobucket.com,4805 Rigney Street,triedel50,oRlPAkaMgHl
117-94-2825,Skell,Gon,sgon51@ifeng.com,54710 Wayridge Lane,sgon51,TfcViFEI4pe
670-95-0276,Minnnie,Edes,medes52@prlog.org,5 Mayer Court,medes52,pKHZL9hw
811-13-9154,Ellene,Ciobotaro,eciobotaro53@arstechnica.com,0 Tony Trail,eciobotaro53,L7WFDurC
567-44-2703,Kelli,McCulloch,kmcculloch54@ocn.ne.jp,02998 Bellgrove Street,kmcculloch54,zLXdY77Qd
538-79-5284,Gillan,Reiling,greiling55@deliciousdays.com,26497 Red Cloud Center,greiling55,mkKKlAhsx4u
830-52-9770,Alford,Pynn,apynn56@zimbio.com,6895 Spohn Park,apynn56,R4IotTh
861-20-9796,Cassie,Dumpleton,cdumpleton57@cisco.com,97662 Northview Park,cdumpleton57,EAw7ieE
762-08-9090,Tan,Badby,tbadby58@scientificamerican.com,524 Maywood Trail,tbadby58,3FJzq6
491-87-4682,Giff,Gethouse,ggethouse59@technorati.com,467 Spohn Pass,ggethouse59,h1W2hk
146-74-8525,Jamie,Rodda,jrodda5a@oaic.gov.au,45649 Kipling Trail,jrodda5a,4duEtIeLRM
702-39-7180,Fabien,Brundell,fbrundell5b@facebook.com,91 Johnson Terrace,fbrundell5b,UfWfO2ojr
402-70-2675,Windy,Minkin,wminkin5c@accuweather.com,71743 Briar Crest Pass,wminkin5c,OVoiyO
769-56-4651,Kelli,Plait,kplait5d@usatoday.com,4 8th Way,kplait5d,I1wASnQs8
141-16-7094,Malina,Nisius,mnisius5e@theatlantic.com,31 Knutson Trail,mnisius5e,YqOvr97LRcpv
525-04-4568,Cleo,Skittrell,cskittrell5f@wired.com,135 Moland Street,cskittrell5f,6qNcMyuTl2YF
429-21-1508,Donalt,Leese,dleese5g@issuu.com,22 Arrowood Junction,dleese5g,tgw9YBNgc
568-58-2373,Sonya,Delong,sdelong5h@adobe.com,4 Fairview Court,sdelong5h,5wNZ06YcmS
157-70-8617,Roselle,Jesteco,rjesteco5i@amazon.com,6952 Sycamore Trail,rjesteco5i,tihOdJvSiX4
551-90-3853,Drona,Banner,dbanner5j@e-recht24.de,020 Morning Drive,dbanner5j,TiAthXmA
377-18-7949,Halimeda,Wilne,hwilne5k@umich.edu,3949 Forest Dale Point,hwilne5k,7weQTaJeY9s
506-53-3638,Dorry,Maylour,dmaylour5l@canalblog.com,60962 Elmside Crossing,dmaylour5l,XqkVDRLpnaj
777-50-9093,Franny,Antham,fantham5m@ifeng.com,698 Hanson Road,fantham5m,95JknE
776-81-2610,Mufinella,Dahle,mdahle5n@creativecommons.org,36 Tomscot Way,mdahle5n,4a3la5oz
654-42-3707,Ferdinanda,Duggen,fduggen5o@xrea.com,33120 Dottie Street,fduggen5o,7MDHjZ
245-71-0392,Ely,Boggers,eboggers5p@artisteer.com,4 Green Ridge Center,eboggers5p,0Ws2OnTWo
549-58-5529,Mellisa,Corbyn,mcorbyn5q@merriam-webster.com,7754 Saint Paul Terrace,mcorbyn5q,Yc2cqVOJU
812-43-7178,Noby,Gaunson,ngaunson5r@sciencedirect.com,05 Florence Hill,ngaunson5r,j6YQoj
307-08-4516,Mitchell,Saxby,msaxby5s@etsy.com,9088 Troy Pass,msaxby5s,K8MqOIgC4g
746-85-6849,Eolanda,Pember,epember5t@mail.ru,65 Duke Court,epember5t,AGcmhD6
216-34-8055,Darci,Duferie,dduferie5u@csmonitor.com,456 Basil Park,dduferie5u,z5LVuv
336-94-7449,Ellsworth,Gentil,egentil5v@51.la,6 Manitowish Place,egentil5v,J8lg06
329-48-3750,Rock,Garwell,rgarwell5w@comsenz.com,1994 Schurz Street,rgarwell5w,WvtecrTxw
111-23-8663,Rees,Tarrant,rtarrant5x@ezinearticles.com,54985 Anzinger Center,rtarrant5x,L2LsohPH
481-07-5274,Maynord,Sherbrook,msherbrook5y@google.com,4235 Sunfield Road,msherbrook5y,hzk5LzkH
562-41-9802,Coletta,Agnolo,cagnolo5z@vimeo.com,3 Ridgeway Junction,cagnolo5z,QLoKiFTQ7
451-08-7505,Kristoforo,Roadnight,kroadnight60@meetup.com,54676 Havey Plaza,kroadnight60,BTag5YsGz
314-23-9450,Kendre,Junkison,kjunkison61@umn.edu,5035 Kingsford Avenue,kjunkison61,zJDQXjAcIGv
495-98-5799,Jedidiah,Lewton,jlewton62@oakley.com,9 Chive Street,jlewton62,0ZLsv002
398-65-5964,Hashim,Erickssen,herickssen63@skyrock.com,5144 Sherman Avenue,herickssen63,QuO7spxSS
505-20-2926,Miller,Pedreschi,mpedreschi64@so-net.ne.jp,3670 Forest Run Lane,mpedreschi64,AW0JuB
500-38-1216,Ulrika,Airey,uairey65@mit.edu,92678 Debs Road,uairey65,O6bbsa
880-31-8300,Kylie,Ciric,kciric66@stanford.edu,8 Oriole Avenue,kciric66,KkhpMqWLyqCz
840-34-0170,Winifield,Legan,wlegan67@sakura.ne.jp,983 Sauthoff Hill,wlegan67,8sJUTqbf
128-82-1774,Bartholemy,Ferencowicz,bferencowicz68@mac.com,5687 Maywood Point,bferencowicz68,5XzsZCtJntQ9
604-02-6821,Isiahi,Romeo,iromeo69@mit.edu,39011 Park Meadow Place,iromeo69,79I0tmgZ9jP
686-96-2246,Donetta,Drees,ddrees6a@cnn.com,81568 Raven Drive,ddrees6a,HbCL1qXi
129-06-8524,Carson,Gair,cgair6b@bizjournals.com,6547 Rusk Road,cgair6b,iC6khuoueCA
356-40-0803,Rosalynd,Barnewell,rbarnewell6c@unicef.org,686 Erie Lane,rbarnewell6c,UAy81n1
581-08-3990,Deny,Haney`,dhaney6d@yahoo.co.jp,34591 Macpherson Plaza,dhaney6d,eQtPgvn
778-52-3452,Baron,Steptoe,bsteptoe6e@kickstarter.com,8689 Coolidge Point,bsteptoe6e,Qpy3QIlLhqwF
164-24-4760,Barnie,Redwall,bredwall6f@wiley.com,138 Tomscot Alley,bredwall6f,kaamgU9HYVw
110-67-4138,Maible,Fulop,mfulop6g@apple.com,51576 1st Circle,mfulop6g,MpgwBCVFiwp
257-90-5698,Genevieve,Whightman,gwhightman6h@pen.io,613 Namekagon Circle,gwhightman6h,7Ugt0NPSmjZ
206-40-0529,Cob,Extence,cextence6i@zdnet.com,4 Moose Alley,cextence6i,d6uIPpPQ
621-80-6361,Zacharie,McArtan,zmcartan6j@163.com,572 Lakewood Gardens Crossing,zmcartan6j,R3b5LphKb
150-88-5089,Clevey,Roggieri,croggieri6k@is.gd,9 Schlimgen Plaza,croggieri6k,NOS1BjYl
310-90-8696,Judas,Davoren,jdavoren6l@cam.ac.uk,52 Sunbrook Point,jdavoren6l,PNAoMx
834-77-6696,Tadeas,Meus,tmeus6m@nifty.com,00 Sutherland Circle,tmeus6m,u61SjeXuoKuY
634-51-4984,Cathie,Alty,calty6n@guardian.co.uk,627 High Crossing Drive,calty6n,xkfAlB
535-42-5731,Elana,Wastling,ewastling6o@nymag.com,476 Bluestem Avenue,ewastling6o,sJowcyN3sOW
243-85-7232,Cathleen,Blofeld,cblofeld6p@elegantthemes.com,89534 Lakewood Gardens Center,cblofeld6p,p9d4w7EXe5yP
375-04-7593,Pablo,Ridesdale,pridesdale6q@last.fm,1 Katie Park,pridesdale6q,w8CSKt
724-88-1116,Tommy,Levensky,tlevensky6r@mediafire.com,53830 Scoville Junction,tlevensky6r,LfqlSBV
507-38-0150,Robers,Hingeley,rhingeley6s@state.tx.us,85 Lukken Circle,rhingeley6s,6YgvXh
839-63-4687,Neila,Giddins,ngiddins6t@walmart.com,74 Fallview Circle,ngiddins6t,RbVuhIeHGmb
653-55-7308,Pandora,Stanier,pstanier6u@nydailynews.com,2 Paget Point,pstanier6u,l5nQ4vwT
703-68-7411,Anastassia,McPeck,amcpeck6v@cam.ac.uk,87 Merrick Point,amcpeck6v,04cRuW
824-59-2823,Gilda,Curds,gcurds6w@gravatar.com,955 Elgar Road,gcurds6w,PdziIWlzDnRW
260-26-2113,Pepi,Hince,phince6x@creativecommons.org,44689 Mendota Street,phince6x,g7ee75gP1L85
125-25-9682,Nonah,Maus,nmaus6y@sciencedirect.com,51 Coolidge Center,nmaus6y,xPeat9
676-22-8822,Gale,Campes,gcampes6z@themeforest.net,53 Becker Court,gcampes6z,MQ85kthAT
619-35-8205,Felisha,Niezen,fniezen70@usatoday.com,744 Lakeland Drive,fniezen70,u8D7VG3JQwT
258-16-6498,Joete,Ivanuschka,jivanuschka71@sohu.com,56 Banding Avenue,jivanuschka71,fqCj5r
851-55-4853,Breena,McAusland,bmcausland72@jigsy.com,74 Annamark Way,bmcausland72,3mP25XgXuROs
248-70-4984,Holly-anne,Yegorchenkov,hyegorchenkov73@wunderground.com,9900 Parkside Park,hyegorchenkov73,JLiLzP3zu9Ow
586-24-7153,Temp,Johanning,tjohanning74@mail.ru,62207 Vidon Avenue,tjohanning74,rbQapTxdhIa
522-13-7000,Vickie,Tremayle,vtremayle75@ifeng.com,041 Village Green Place,vtremayle75,UKpv1gF
448-67-0480,Westley,Maude,wmaude76@google.nl,691 David Place,wmaude76,D4TQATk
544-52-2687,Land,Tebbitt,ltebbitt77@mtv.com,457 Kim Lane,ltebbitt77,R3VZtoFR
727-99-3288,Hussein,Cleaveland,hcleaveland78@auda.org.au,43631 Sachtjen Circle,hcleaveland78,GL1Jl6sbEfs
298-63-9954,Meade,Tonkinson,mtonkinson79@amazonaws.com,37403 5th Street,mtonkinson79,n19HUyWMm
433-75-5603,Glenn,Viste,gviste7a@samsung.com,58 Kings Way,gviste7a,jjFeo0
790-31-7054,Cristina,Croose,ccroose7b@scientificamerican.com,1100 Shoshone Point,ccroose7b,mCMvWzp
827-81-9501,Andi,Hurst,ahurst7c@google.nl,95332 Moose Circle,ahurst7c,0ShL5qJ
789-89-0584,Donnamarie,Cornil,dcornil7d@admin.ch,5773 Havey Terrace,dcornil7d,Cc0WLqW6
708-12-9622,Koressa,Iltchev,kiltchev7e@pinterest.com,18533 Dryden Terrace,kiltchev7e,6xU78tCcg
325-45-6462,Elvina,Ghio,eghio7f@kickstarter.com,32804 Carey Point,eghio7f,qF5etzz46yU
234-17-3639,Addie,Mitkin,amitkin7g@mail.ru,3 Oriole Avenue,amitkin7g,ad9FTRIqZ
120-44-4422,Isak,Bariball,ibariball7h@wikia.com,783 Caliangt Center,ibariball7h,rQ3fzVTi
289-57-0451,Eirena,Mabe,emabe7i@macromedia.com,04 Namekagon Park,emabe7i,oF2iX5
302-71-4921,Teodorico,Pead,tpead7j@fotki.com,75 Spaight Plaza,tpead7j,AOu9vC44fSl
443-50-8298,Wittie,Lowth,wlowth7k@imdb.com,366 Mallard Point,wlowth7k,CWmMAc
709-08-8463,Byrom,Bilney,bbilney7l@tmall.com,614 Stephen Parkway,bbilney7l,fX2OMr5BM
273-57-1968,Britt,Rosgen,brosgen7m@dailymail.co.uk,51 Barnett Trail,brosgen7m,MEs3EjUSRO
833-79-0955,Dareen,Gascoyen,dgascoyen7n@dropbox.com,20528 Burrows Plaza,dgascoyen7n,btQG5HiSoG
185-72-3981,Clywd,Acory,cacory7o@people.com.cn,5 Sommers Pass,cacory7o,2izP6qlk
490-29-8868,Peterus,Simcox,psimcox7p@live.com,792 Grover Court,psimcox7p,7KROYt7XGcZ
492-78-6864,Suzanna,Coleman,scoleman7q@bluehost.com,63929 Katie Street,scoleman7q,XBnRcR
399-80-4019,Mill,Phipson,mphipson7r@wufoo.com,1348 Waywood Place,mphipson7r,kGIaovg
636-37-5168,Dannie,Keymar,dkeymar7s@seattletimes.com,88 Melby Trail,dkeymar7s,S68JplGC4hU
165-17-0784,Dorine,Bourgourd,dbourgourd7t@aboutads.info,89199 Gulseth Street,dbourgourd7t,irwZB4Ouuk9
585-74-9113,Hetty,MacPhail,hmacphail7u@illinois.edu,7 Arizona Place,hmacphail7u,u12HqsaxC8W4
708-35-2057,Edith,Hyett,ehyett7v@clickbank.net,50954 Packers Avenue,ehyett7v,LrAGLDIcY
672-81-9999,Dru,Kivell,dkivell7w@theglobeandmail.com,8 Chinook Circle,dkivell7w,EIAvAtCSRoU
794-87-1612,Mirabelle,Hexum,mhexum7x@cpanel.net,4028 Sheridan Lane,mhexum7x,yeLJtJ
501-69-7436,Port,Spuffard,pspuffard7y@sakura.ne.jp,37 Fuller Place,pspuffard7y,vwhTTwVgPrK
840-58-3937,Haily,Scyone,hscyone7z@weibo.com,2311 Nancy Center,hscyone7z,MRYZRzDo7mh
110-54-7955,Archibold,Ravelus,aravelus80@facebook.com,5599 Annamark Plaza,aravelus80,k28E35
742-76-9878,Faina,Dutt,fdutt81@sciencedaily.com,21456 Debs Lane,fdutt81,JNw19Vda
679-29-5863,Cherye,Triggol,ctriggol82@dailymotion.com,290 Merrick Pass,ctriggol82,Xs1dU8iY9
754-95-4277,Jacques,Brevetor,jbrevetor83@seattletimes.com,8 Barnett Park,jbrevetor83,gGZ7zlpOa0
654-67-6146,Micheline,Zaple,mzaple84@webeden.co.uk,8 Johnson Parkway,mzaple84,etVUBiR8t
720-63-6262,Leonardo,Gilchrest,lgilchrest85@parallels.com,387 Lien Plaza,lgilchrest85,41xBQy5
436-29-5583,Ema,Batchelar,ebatchelar86@desdev.cn,1132 Kensington Crossing,ebatchelar86,PH0TGWvk
183-37-4196,Keelby,Potter,kpotter87@devhub.com,3105 Canary Crossing,kpotter87,XSi8wNm
439-48-0743,Adham,Rigate,arigate88@cbc.ca,294 Anthes Alley,arigate88,eG5fvo
895-87-4026,Aryn,Margetts,amargetts89@telegraph.co.uk,91 Fordem Lane,amargetts89,fyOwQKG1bZxX
519-45-7597,Jenda,Diddams,jdiddams8a@nature.com,3 Lawn Court,jdiddams8a,8CubSx6
467-87-3034,Robbie,Gollop,rgollop8b@slate.com,463 Crowley Trail,rgollop8b,eYwM6Ddv2R
298-49-6290,Andromache,Callar,acallar8c@mit.edu,4445 Anhalt Way,acallar8c,dTrl85lIFbR
125-66-6823,Marcello,O'Shiel,moshiel8d@slate.com,90 South Junction,moshiel8d,OgFwnivl
811-71-3276,Lonny,Pagon,lpagon8e@theguardian.com,7923 Meadow Valley Hill,lpagon8e,qcgV4T
684-85-2975,Padriac,Hillyatt,phillyatt8f@jimdo.com,3756 Weeping Birch Terrace,phillyatt8f,6nrFKiD
876-90-9324,Fairfax,Beston,fbeston8g@netlog.com,6231 Raven Circle,fbeston8g,eKc1KpWueSSj
244-22-2733,Irwinn,Aish,iaish8h@free.fr,8 Mendota Crossing,iaish8h,eE1PEpiw
598-19-0286,Jessalin,Claridge,jclaridge8i@people.com.cn,0588 Derek Park,jclaridge8i,TD9cXh1V
619-19-8833,Ruthanne,Kid,rkid8j@purevolume.com,1167 Florence Court,rkid8j,UqhGB5J1E
494-12-1214,Mervin,Swetman,mswetman8k@sphinn.com,0 Nancy Avenue,mswetman8k,Ju7NBN0Leb9c
626-55-4495,Robby,Brettelle,rbrettelle8l@comcast.net,60 Towne Alley,rbrettelle8l,RFrV6S
102-01-3600,Flinn,Langabeer,flangabeer8m@marketwatch.com,595 Goodland Trail,flangabeer8m,BsLCqimIfZ
806-10-9651,Leif,Whyffen,lwhyffen8n@loc.gov,713 Mosinee Crossing,lwhyffen8n,3agXN2
624-13-1624,Yehudi,Cobden,ycobden8o@studiopress.com,32 Mifflin Circle,ycobden8o,2m3JUb
638-47-7796,Maximilianus,Towle,mtowle8p@example.com,37 Dwight Place,mtowle8p,0Esi57c0ri5
352-18-5795,Codee,Twohig,ctwohig8q@clickbank.net,5 Sutteridge Hill,ctwohig8q,ysykM6DZ
160-60-4756,Wally,Blackshaw,wblackshaw8r@cdbaby.com,99 Del Sol Lane,wblackshaw8r,FPsB6rBGOX0
189-40-0364,Langston,Olliver,lolliver8s@lycos.com,1886 Forster Parkway,lolliver8s,5VXErJ2
364-56-6658,Aldric,Petkov,apetkov8t@constantcontact.com,18135 Huxley Plaza,apetkov8t,owcadj
647-35-2243,Sven,Beaushaw,sbeaushaw8u@imageshack.us,5476 Carey Terrace,sbeaushaw8u,15lC5g6WA
629-56-2109,Gayle,Chesney,gchesney8v@unblog.fr,908 Warrior Point,gchesney8v,NJn3as5nHiM
693-62-4989,Mariana,Rowbottam,mrowbottam8w@netscape.com,2 Novick Alley,mrowbottam8w,JEugo9pXo
898-63-6992,Bea,Innocenti,binnocenti8x@gmpg.org,073 Ilene Lane,binnocenti8x,sbUGQG1
471-73-7234,Nappy,Longman,nlongman8y@geocities.jp,125 Lukken Alley,nlongman8y,XYOoEZlX8NM
274-69-8636,Nowell,Brands,nbrands8z@bloglovin.com,01 Garrison Point,nbrands8z,W3r5HsYM
665-76-8536,Gloriane,Elderbrant,gelderbrant90@bbb.org,2 School Trail,gelderbrant90,4pwND0YONlyT
365-77-5741,Letti,Sudell,lsudell91@unc.edu,77 Tennyson Road,lsudell91,9zC9rNL
280-14-5581,Lonni,Aisman,laisman92@uiuc.edu,806 Messerschmidt Trail,laisman92,LWbnmiuaml9Q
879-87-5385,Kory,Jenteau,kjenteau93@yelp.com,54 Pankratz Road,kjenteau93,V3V936nuoPg
294-50-0211,Rollin,Bever,rbever94@tripod.com,0574 Armistice Street,rbever94,abLqjfAQHXMT
840-79-4280,Rozina,Synnot,rsynnot95@sohu.com,13 Arrowood Pass,rsynnot95,MnbWkMmdS
578-77-5068,Rodina,Hedditch,rhedditch96@gravatar.com,1199 Lotheville Drive,rhedditch96,CuzElkCAnM
156-92-3799,Shaylyn,Whitebread,swhitebread97@sourceforge.net,6292 Menomonie Trail,swhitebread97,94W6zEgPo
686-92-6115,Chick,Ingold,cingold98@ebay.co.uk,2312 Trailsway Circle,cingold98,6suesO
219-04-6573,Pierre,Eadmeades,peadmeades99@github.com,38 Huxley Park,peadmeades99,U7CXxJdNfxm3
508-97-4377,Othello,McGrah,omcgrah9a@amazon.co.jp,50999 Monument Pass,omcgrah9a,vlFRDB
504-25-1018,Glenn,Bensen,gbensen9b@istockphoto.com,7 La Follette Drive,gbensen9b,lDDCjg
104-24-3476,Pen,Ralph,pralph9c@washington.edu,565 Surrey Avenue,pralph9c,7nKLPQKP1T3
726-22-1722,Jammie,Calcraft,jcalcraft9d@toplist.cz,94 Katie Street,jcalcraft9d,QpH322AivjWO
180-46-6791,Skipton,Devita,sdevita9e@facebook.com,62 Northview Alley,sdevita9e,JzqLtk
848-77-5791,Isa,Langthorne,ilangthorne9f@apple.com,3416 Miller Street,ilangthorne9f,iC0gyK
432-53-7588,Laurena,Somerfield,lsomerfield9g@cpanel.net,4779 Bluestem Crossing,lsomerfield9g,GB6UiIKG
886-87-5645,Phillipe,Unthank,punthank9h@cpanel.net,659 Barnett Plaza,punthank9h,2kVzkunGCy
330-16-7919,Ardith,Kermott,akermott9i@is.gd,51 International Avenue,akermott9i,lQDjas
515-72-3874,Bernadene,Coplestone,bcoplestone9j@themeforest.net,2 Reinke Pass,bcoplestone9j,Z0tiMMdK
177-01-6739,Maurice,Gooly,mgooly9k@google.com.hk,3 Sheridan Place,mgooly9k,zIRbNt
703-92-2870,Hazlett,Markwell,hmarkwell9l@whitehouse.gov,15712 Dixon Parkway,hmarkwell9l,qv5b4Jxb
781-75-8501,Wildon,Dreakin,wdreakin9m@networkadvertising.org,854 Shopko Drive,wdreakin9m,G5R2BoRT
892-34-1257,Jacky,Kolodziej,jkolodziej9n@ycombinator.com,2283 Dennis Center,jkolodziej9n,543jXZ
347-83-6191,Patrick,Rubert,prubert9o@blogtalkradio.com,83840 Esker Terrace,prubert9o,npMdJFe
170-05-7219,Brantley,Siddell,bsiddell9p@linkedin.com,595 Division Park,bsiddell9p,dAnVw7lgA1
786-43-9872,Saundra,Ciraldo,sciraldo9q@opensource.org,0 Fordem Court,sciraldo9q,Kw7zG1qb
878-52-3901,Clarine,Portlock,cportlock9r@vistaprint.com,97851 Cascade Avenue,cportlock9r,kSRyIkW
636-29-6219,Brent,Cowper,bcowper9s@europa.eu,17958 Mallard Drive,bcowper9s,788i86
533-58-5515,Rickie,Biddwell,rbiddwell9t@icq.com,1649 Golf Pass,rbiddwell9t,FOGX4bX57YeJ
893-15-9055,Loni,Bolf,lbolf9u@domainmarket.com,87116 Acker Point,lbolf9u,w36zK6g3V
450-49-2981,Grayce,Tunnacliffe,gtunnacliffe9v@wufoo.com,92 Hoard Place,gtunnacliffe9v,ukVjTT
445-41-3551,Scot,Rushsorth,srushsorth9w@51.la,048 Waubesa Terrace,srushsorth9w,ty2PDOM6uR
853-50-5220,Alexa,Marshall,amarshall9x@ebay.com,00319 Meadow Ridge Park,amarshall9x,o8jGFPVF
176-15-2785,Wendell,MacKeever,wmackeever9y@slideshare.net,10 Hayes Crossing,wmackeever9y,gAG5KjEep2
206-40-6174,Gretchen,Yeats,gyeats9z@booking.com,016 Mayfield Drive,gyeats9z,pNH5tBeI0
726-62-0403,Jada,Hannent,jhannenta0@samsung.com,8083 1st Junction,jhannenta0,NCzkZvrHViT
440-61-6920,Rodge,MacCleod,rmaccleoda1@abc.net.au,290 Oneill Lane,rmaccleoda1,3tsTu4U4Hbm
898-07-9408,Riobard,Thomlinson,rthomlinsona2@sogou.com,1 Sachtjen Park,rthomlinsona2,X8THCwki
204-69-5862,Heindrick,Burgwin,hburgwina3@bing.com,49414 Monument Crossing,hburgwina3,vMa92774e
736-61-4002,Bowie,Hackleton,bhackletona4@xrea.com,9309 Brown Crossing,bhackletona4,4Dqau4k
299-37-0953,Delaney,MacEllen,dmacellena5@biblegateway.com,32 Victoria Circle,dmacellena5,19Dihp53
159-95-5421,Jon,Bugg,jbugga6@1688.com,91 Maryland Park,jbugga6,W7dgtmzIOufc
649-50-2306,Cayla,Maudlin,cmaudlina7@ning.com,9 Wayridge Court,cmaudlina7,I4ZbRi
893-63-8781,Andrey,Eslie,aesliea8@woothemes.com,29991 Talmadge Trail,aesliea8,erHyeN
612-51-1773,Miran,FitzAlan,mfitzalana9@live.com,67194 Parkside Terrace,mfitzalana9,plc5Us
208-83-3284,Corrianne,Whitely,cwhitelyaa@uiuc.edu,32 Spenser Circle,cwhitelyaa,iHsb62
294-11-6998,Dene,Garley,dgarleyab@nydailynews.com,3 Morrow Junction,dgarleyab,wsHkqQEQm
606-67-7853,Alain,Scutching,ascutchingac@blog.com,52 Ronald Regan Park,ascutchingac,6rM5GUtMo6L9
675-71-5364,Brett,Frodsham,bfrodshamad@upenn.edu,35853 Arrowood Crossing,bfrodshamad,Eo3mw4Qvju2
110-16-6139,Cordelia,Tipling,ctiplingae@hexun.com,229 Scott Junction,ctiplingae,NPEsHY1
284-59-7458,Myrlene,Freeman,mfreemanaf@lycos.com,2337 Nancy Avenue,mfreemanaf,dpeRuMPZk5R
479-95-5678,Nancee,Brigdale,nbrigdaleag@myspace.com,31852 Columbus Junction,nbrigdaleag,AXjK0XR8
773-67-1906,Berk,Peregrine,bperegrineah@mac.com,2 Mallard Junction,bperegrineah,cVPKfqn7
879-53-3435,Felice,Rosbottom,frosbottomai@amazon.co.uk,797 Springs Parkway,frosbottomai,IQ6IN12xxVFV
496-38-3713,Rowney,Westphal,rwestphalaj@youtube.com,7 Dorton Point,rwestphalaj,QYUfOO
847-22-7036,Ashla,Maurice,amauriceak@alexa.com,25017 Arapahoe Circle,amauriceak,picC23lmCf
656-02-3409,Pammi,Teague,pteagueal@google.ru,48054 Mosinee Court,pteagueal,7IyrHM8n
778-37-9284,Lewie,Riceards,lriceardsam@nymag.com,33507 Dorton Junction,lriceardsam,Isl1Au
258-43-0902,Chris,Churchman,cchurchmanan@unblog.fr,47454 Di Loreto Pass,cchurchmanan,k8PRDdEfSY
256-35-8512,Etan,Timbs,etimbsao@amazon.de,79908 Garrison Park,etimbsao,dIgh9ZWg9QUU
647-59-6609,Dana,Livezey,dlivezeyap@vistaprint.com,7 Village Parkway,dlivezeyap,zBu4q7uXMz
245-58-1644,Ranna,Fernie,rfernieaq@flavors.me,65 Hauk Hill,rfernieaq,xkNY58pf
602-36-4451,Christye,Mahony,cmahonyar@kickstarter.com,006 Oak Valley Terrace,cmahonyar,JPDaIJZZ0cS
488-64-2438,Otho,Slany,oslanyas@plala.or.jp,8 Stang Street,oslanyas,W0bmQDWL
605-10-0951,Hartwell,Kmietsch,hkmietschat@indiegogo.com,65 Artisan Circle,hkmietschat,6yHDhZv8N
135-35-1730,Blinni,Miklem,bmiklemau@ucoz.ru,57774 Sunbrook Circle,bmiklemau,l7R3IcCxgH
360-05-7066,Meredeth,Kennifick,mkennifickav@hibu.com,861 Leroy Plaza,mkennifickav,jxqQKH0
501-03-2732,Brooks,Gillivrie,bgillivrieaw@cornell.edu,62184 Raven Way,bgillivrieaw,N1tSUJKZ4ev
809-76-4561,Ianthe,Eustace,ieustaceax@shareasale.com,18640 Brown Terrace,ieustaceax,OGLSoIZvwGBf
187-83-5835,Arielle,Cheak,acheakay@multiply.com,99560 Novick Junction,acheakay,KKz54Yfc
474-31-1882,Keely,Forshaw,kforshawaz@ted.com,3 Banding Lane,kforshawaz,x6CLm1O
865-49-9505,Merill,Seamer,mseamerb0@1688.com,09 Esker Point,mseamerb0,rpkhlkYiR26l
584-82-3712,Lorine,Rodder,lrodderb1@desdev.cn,6 Nobel Junction,lrodderb1,yEybBxzRLuz
788-99-4728,Judie,Haggett,jhaggettb2@ox.ac.uk,409 Green Avenue,jhaggettb2,3Uljzf3
285-21-9437,Dugald,Morgan,dmorganb3@harvard.edu,2 Hoepker Street,dmorganb3,SmmmumdXaH
671-33-7247,Cheryl,Lefever,clefeverb4@wikipedia.org,49 Magdeline Street,clefeverb4,99bqyhDnneC2
720-24-9608,Baudoin,Burchett,bburchettb5@bbb.org,304 Buhler Park,bburchettb5,CWCMZkGjPpf7
130-65-5101,Laurens,Pawnsford,lpawnsfordb6@ocn.ne.jp,2 Acker Terrace,lpawnsfordb6,6VOoxIZZjY
668-07-9500,Shannan,Gilluley,sgilluleyb7@wordpress.com,05071 Prairie Rose Center,sgilluleyb7,0rpvojIM6E7Q
428-67-6999,Don,Bach,dbachb8@csmonitor.com,54218 Kennedy Drive,dbachb8,EOLbzfw
129-72-9521,Cobby,Tattershall,ctattershallb9@foxnews.com,59 Kipling Crossing,ctattershallb9,9H78kS
215-30-4131,Yasmeen,Jouannot,yjouannotba@paypal.com,8044 Delaware Center,yjouannotba,5QyEfD3
284-85-4536,Mildrid,Bentote,mbentotebb@utexas.edu,75134 Eliot Court,mbentotebb,d0L7kYBoPs
814-55-2716,Yuri,Brownbridge,ybrownbridgebc@sphinn.com,2206 Bluestem Plaza,ybrownbridgebc,ZH85pGYZAS
469-01-5927,Fernande,Petrina,fpetrinabd@irs.gov,67760 Maryland Drive,fpetrinabd,agk19z8jx9y
155-66-7953,Della,Birtwistle,dbirtwistlebe@chronoengine.com,42 Maywood Pass,dbirtwistlebe,4Kpuq7tqp
847-67-9765,Pauly,Weldrake,pweldrakebf@berkeley.edu,6 Arrowood Court,pweldrakebf,e0POvx
200-89-7556,Kellia,Tungay,ktungaybg@xrea.com,69996 Atwood Center,ktungaybg,AduCDOrV
217-37-3106,Clay,Claricoates,cclaricoatesbh@chron.com,7 Huxley Way,cclaricoatesbh,nQ71a5
567-14-8692,Kirsteni,Ling,klingbi@wsj.com,74751 Moose Pass,klingbi,QHHCYbA2q
126-41-8901,Emalia,Mabbs,emabbsbj@barnesandnoble.com,2352 Goodland Park,emabbsbj,cbsMlyj90lIe
283-22-8359,Tatiana,Hamlin,thamlinbk@youku.com,9827 Blackbird Crossing,thamlinbk,ypyDrVi74
863-16-9198,Cherida,Fitzmaurice,cfitzmauricebl@slideshare.net,75988 New Castle Plaza,cfitzmauricebl,ciIBLMXDq
190-85-7341,Patsy,Bennough,pbennoughbm@google.ru,04 Arizona Pass,pbennoughbm,wFXebSDY4Gx8
732-42-6334,Truda,Buggs,tbuggsbn@forbes.com,6452 Kipling Road,tbuggsbn,w06gKKqid
170-64-2997,Verney,Flintoff,vflintoffbo@ebay.com,05 Eagle Crest Pass,vflintoffbo,1fpAiszi
897-09-6251,Binny,Ference,bferencebp@howstuffworks.com,9438 Jenna Way,bferencebp,Fo93LE
334-13-4543,Todd,Playfoot,tplayfootbq@illinois.edu,082 Golf Course Lane,tplayfootbq,Buqc4e5Nf
133-86-2940,Boony,Aleevy,baleevybr@alexa.com,50859 Jana Circle,baleevybr,tqpfRF
294-63-2817,Nevin,Doerffer,ndoerfferbs@hud.gov,443 Bluestem Crossing,ndoerfferbs,omxJyYzQ
206-51-3532,Parry,Grewcock,pgrewcockbt@multiply.com,0686 Harbort Junction,pgrewcockbt,hJuINFZ
802-77-8821,Efren,Schoolfield,eschoolfieldbu@si.edu,72 Fallview Center,eschoolfieldbu,VWymF5i9tvb
668-89-9387,Bonni,Merriott,bmerriottbv@nature.com,85375 Leroy Circle,bmerriottbv,kQGjjl
228-39-1391,Nicola,Castelot,ncastelotbw@biblegateway.com,85 Walton Terrace,ncastelotbw,rOTjkls7a
854-77-9379,Odo,Mor,omorbx@ustream.tv,039 Dottie Pass,omorbx,OdFfKiz3mD
820-13-1834,Ward,McNevin,wmcnevinby@myspace.com,3 Emmet Place,wmcnevinby,9caXaV635ut0
302-26-3100,Chelsy,Troth,ctrothbz@house.gov,84 Cody Hill,ctrothbz,cqtsH7
218-47-6422,Brianne,Cockerham,bcockerhamc0@yahoo.com,26213 Buhler Junction,bcockerhamc0,so8Q6JidT
702-51-1520,Kalli,Curuclis,kcuruclisc1@pagesperso-orange.fr,88057 Esch Drive,kcuruclisc1,0v3ouc
711-85-0654,Alia,Habard,ahabardc2@about.com,2337 Saint Paul Junction,ahabardc2,mtlgnOQOWc
724-23-9021,Caesar,Colling,ccollingc3@ca.gov,59728 Buhler Terrace,ccollingc3,UXVHflPOr
782-60-0201,Norrie,Dymock,ndymockc4@auda.org.au,15984 Birchwood Junction,ndymockc4,3rQeTE
537-64-0314,Livia,Hamblington,lhamblingtonc5@google.de,49 Superior Drive,lhamblingtonc5,obqoQkif3wq
500-98-1835,Drusie,Hulland,dhullandc6@mashable.com,10 Kensington Point,dhullandc6,zbaK59Bpy
138-35-6936,Anallise,Fitzharris,afitzharrisc7@slate.com,23 Manley Parkway,afitzharrisc7,VFGK38auevSa
755-21-2899,Hewett,Addams,haddamsc8@businessweek.com,69 Anzinger Parkway,haddamsc8,YZg4zD
314-81-8711,Mavra,Muffen,mmuffenc9@liveinternet.ru,88 Kingsford Court,mmuffenc9,L4cQTihs
198-29-5743,Mace,Marzele,mmarzeleca@wix.com,3806 Clove Crossing,mmarzeleca,hWFZEiT4yi1
379-65-2806,Lian,Colicot,lcolicotcb@stumbleupon.com,9425 Farwell Street,lcolicotcb,kyGtW6wJ3wz
587-74-3940,Rudy,Buzzing,rbuzzingcc@a8.net,3380 Susan Alley,rbuzzingcc,oEsT1jNIa
315-30-0726,Patrizius,Boor,pboorcd@shutterfly.com,708 Lakeland Center,pboorcd,IOBR6Qa
391-67-9316,Sylvester,Bradbrook,sbradbrookce@nih.gov,7 Blackbird Point,sbradbrookce,fDlUMY9
681-05-8026,Crin,Abelov,cabelovcf@facebook.com,11793 Harper Plaza,cabelovcf,KQ4vin
785-18-3098,Valene,Hardison,vhardisoncg@soundcloud.com,0 Mariners Cove Place,vhardisoncg,HwcoQ9
455-47-2576,Oswald,Buckbee,obuckbeech@photobucket.com,2427 Dexter Circle,obuckbeech,e6GzKI0m
121-48-2173,Libby,Kilshaw,lkilshawci@home.pl,75591 Hooker Circle,lkilshawci,IM2OBHsMUtA
789-22-3959,Bogey,Cordsen,bcordsencj@mlb.com,76 Clove Park,bcordsencj,oigHqSVrUSyB
130-73-9669,Riordan,Greenin,rgreeninck@mediafire.com,725 Farwell Avenue,rgreeninck,ygmZyN
270-73-7199,Clara,Hearons,chearonscl@go.com,59171 Southridge Circle,chearonscl,nVrJVb69M3mV
339-08-9610,Normie,Gilliver,ngillivercm@scientificamerican.com,27507 Walton Terrace,ngillivercm,R4kJD1J8
645-46-9977,Nicola,Crysell,ncrysellcn@house.gov,0 Aberg Center,ncrysellcn,MOU3z69n
571-42-0295,Belicia,Flynn,bflynnco@myspace.com,7657 Marquette Way,bflynnco,S7jCpvfO
179-50-8263,Tatum,Cowins,tcowinscp@sina.com.cn,6 Larry Circle,tcowinscp,zwAD7DsO
267-28-6461,Felice,Skrzynski,fskrzynskicq@hao123.com,9 Buhler Road,fskrzynskicq,Dg1DLFvj8QwL
107-25-8431,Tamarra,Winger,twingercr@nba.com,0 Westerfield Circle,twingercr,luxiGoY6IElQ
589-27-8494,Catha,Sazio,csaziocs@amazon.co.uk,221 Shopko Court,csaziocs,au6VHg9
584-93-8086,Florella,Langley,flangleyct@ucoz.ru,034 Division Terrace,flangleyct,nKSViA2X
197-82-8606,Frans,Bolgar,fbolgarcu@bloglines.com,1303 Ridgeway Parkway,fbolgarcu,6hMnzV3
365-22-9617,Benedicto,MacKellar,bmackellarcv@dagondesign.com,9 Express Drive,bmackellarcv,Oz93yuDv
524-07-8174,Marje,Gatlin,mgatlincw@rambler.ru,185 Utah Junction,mgatlincw,lWSQQf
450-28-1947,Sayers,Matzel,smatzelcx@jiathis.com,6957 Oriole Road,smatzelcx,DEHa68YaVXBb
870-25-4486,Herve,Lerigo,hlerigocy@ezinearticles.com,380 Becker Crossing,hlerigocy,FKCd6kgt66s
798-16-8210,Trumann,Moens,tmoenscz@canalblog.com,558 Golf Trail,tmoenscz,zG0PG3K4
467-86-5464,Delia,Yeliashev,dyeliashevd0@google.es,0867 Ryan Drive,dyeliashevd0,p9SkcNeR
353-25-6575,Shari,Underdown,sunderdownd1@admin.ch,71990 Debra Road,sunderdownd1,WZfxKVSJoa
385-28-5689,Ciel,Gaynes,cgaynesd2@google.co.uk,44405 Memorial Court,cgaynesd2,WTZHuPv0
447-60-9347,Kelsey,Zecchinii,kzecchiniid3@dyndns.org,9 Butternut Pass,kzecchiniid3,c1zSHu0
819-75-0255,Kary,Odger,kodgerd4@networkadvertising.org,96042 Londonderry Way,kodgerd4,EZvdcI8IxrTM
620-71-0292,Zabrina,Raysdale,zraysdaled5@canalblog.com,686 Mariners Cove Point,zraysdaled5,EWQb62EQFbI
110-95-6112,Cesar,McCurrie,cmccurried6@yellowbook.com,405 Paget Drive,cmccurried6,95VIjdPtK
694-51-6313,Caroljean,Neville,cnevilled7@geocities.jp,08379 Dixon Parkway,cnevilled7,hlxsUe6
816-51-0307,Lucien,Hansen,lhansend8@auda.org.au,9915 Nelson Court,lhansend8,L4Dx1adiP6P
534-30-4591,Robin,Szwandt,rszwandtd9@forbes.com,31943 Maple Alley,rszwandtd9,UIij3dQB5
337-17-3301,Benita,De Benedictis,bdebenedictisda@posterous.com,4 Continental Junction,bdebenedictisda,RQapaWm
380-25-2860,Mord,Acres,macresdb@nps.gov,0595 Morning Street,macresdb,4QpZ5h7rV
650-07-8147,Derwin,Perrycost,dperrycostdc@virginia.edu,50 Morrow Center,dperrycostdc,VaRbfzOYzl
504-37-8471,Germaine,Gillhespy,ggillhespydd@csmonitor.com,522 Gateway Center,ggillhespydd,alUF5R0
416-77-5428,Bidget,Aukland,bauklandde@ibm.com,33767 Atwood Point,bauklandde,wB8fcH8TSbT
237-60-3454,Annabella,Pirt,apirtdf@scientificamerican.com,0 Ruskin Way,apirtdf,3VI5IX
396-23-2514,Carleen,Brogiotti,cbrogiottidg@meetup.com,278 Fairfield Junction,cbrogiottidg,nKA2RK
841-46-4099,Darcie,Comi,dcomidh@nps.gov,0109 Nobel Center,dcomidh,IndqxEoCu
847-97-1584,Catarina,Cordell,ccordelldi@epa.gov,7838 Mcguire Junction,ccordelldi,s5JJ4v
190-22-5926,Lemar,Svanini,lsvaninidj@jalbum.net,3243 Glacier Hill Pass,lsvaninidj,vBc7C5HZYoZd
232-89-5278,Carmelita,Odby,codbydk@exblog.jp,5 Debs Place,codbydk,jrxYX9HX
455-85-6486,Anjela,Lepoidevin,alepoidevindl@woothemes.com,84 Melrose Hill,alepoidevindl,85qwlY
847-29-1549,Pippy,Peerman,ppeermandm@google.ru,88 West Point,ppeermandm,44NMh50HF8
378-55-4712,Andris,Sturrock,asturrockdn@google.nl,06326 Kennedy Junction,asturrockdn,kFX474IfFA
880-94-3462,Suellen,Bridgstock,sbridgstockdo@hp.com,03 Village Green Avenue,sbridgstockdo,vQk4vNJO
148-28-3664,Robers,Duddy,rduddydp@cdc.gov,0 Loeprich Terrace,rduddydp,bZv2nphWYxXx
703-72-7523,Dorice,Edards,dedardsdq@netvibes.com,8 Village Green Circle,dedardsdq,bIZTew66qgS0
780-57-3519,Jae,Gendricke,jgendrickedr@deviantart.com,33692 Gulseth Lane,jgendrickedr,87O2S4N5Jma
309-19-7894,Ellette,Legen,elegends@irs.gov,743 Holmberg Plaza,elegends,ELuLtcR
833-54-1223,Valery,Lakes,vlakesdt@discuz.net,0 Sage Center,vlakesdt,UPAqUX1Z
667-83-7152,Felic,McGucken,fmcguckendu@nymag.com,44024 Graedel Parkway,fmcguckendu,07n2jK
210-69-8606,Alysia,Clewlow,aclewlowdv@omniture.com,75551 Westerfield Place,aclewlowdv,6EefGj
